path,filename,extension,is_raw,has_pair,date_time_original,camera_make,camera_model,lens_model,iso,f_number,shutter_speed,focal_length,sharpness_score,exposure_score,noise_score,composition_score,aesthetic_score,total_score,faces,burst_group,burst_size,burst_rank,burst_keep
archive\DSC00879.ARW,DSC00879.ARW,arw,true,true,2026:07:19 13:56:32,SONY,ILCE-7M5,FE 24-70mm F2.8 GM II,200,4.5,1/125,70,60.7,80.6,42.6,60.0,51.3,60.5,0,0,,,
archive\DSC00879.JPG,DSC00879.JPG,jpg,false,true,2026:07:19 13:56:32,SONY,ILCE-7M5,FE 24-70mm F2.8 GM II,200,4.5,1/125,70,60.7,80.6,42.6,60.0,51.3,60.5,0,0,,,
archive\DSC00880.ARW,DSC00880.ARW,arw,true,true,2026:07:19 13:56:44,SONY,ILCE-7M5,FE 24-70mm F2.8 GM II,200,4.5,1/125,70,57.8,77.8,33.0,60.0,55.7,58.1,0,0,,,
archive\DSC00880.JPG,DSC00880.JPG,jpg,false,true,2026:07:19 13:56:44,SONY,ILCE-7M5,FE 24-70mm F2.8 GM II,200,4.5,1/125,70,57.8,77.8,33.0,60.0,55.7,58.1,0,0,,,
archive\DSC00881.ARW,DSC00881.ARW,arw,true,true,2026:07:19 13:56:47,SONY,ILCE-7M5,FE 24-70mm F2.8 GM II,200,4.5,1/125,70,55.2,82.8,46.4,60.0,50.4,59.4,0,0,,,
archive\DSC00881.JPG,DSC00881.JPG,jpg,false,true,2026:07:19 13:56:47,SONY,ILCE-7M5,FE 24-70mm F2.8 GM II,200,4.5,1/125,70,55.2,82.8,46.4,60.0,50.4,59.4,0,0,,,
archive\DSC00882.ARW,DSC00882.ARW,arw,true,true,2026:07:19 14:00:29,SONY,ILCE-7M5,FE 24-70mm F2.8 GM II,100,4.5,1/125,33,30.9,98.9,19.0,60.0,45.8,49.3,0,4,2,2,true
archive\DSC00882.JPG,DSC00882.JPG,jpg,false,true,2026:07:19 14:00:29,SONY,ILCE-7M5,FE 24-70mm F2.8 GM II,100,4.5,1/125,33,30.9,98.9,19.0,60.0,45.8,49.3,0,4,2,2,true
archive\DSC00883.ARW,DSC00883.ARW,arw,true,true,2026:07:19 14:00:31,SONY,ILCE-7M5,FE 24-70mm F2.8 GM II,100,4.5,1/125,34,29.8,99.2,20.6,60.0,53.4,50.4,0,4,2,1,true
archive\DSC00883.JPG,DSC00883.JPG,jpg,false,true,2026:07:19 14:00:31,SONY,ILCE-7M5,FE 24-70mm F2.8 GM II,100,4.5,1/125,34,29.8,99.2,20.6,60.0,53.4,50.4,0,4,2,1,true
archive\DSC00884.ARW,DSC00884.ARW,arw,true,true,2026:07:19 14:00:40,SONY,ILCE-7M5,FE 24-70mm F2.8 GM II,100,4.5,1/125,55,24.3,97.4,48.3,60.0,57.2,52.8,0,5,2,1,true
archive\DSC00884.JPG,DSC00884.JPG,jpg,false,true,2026:07:19 14:00:40,SONY,ILCE-7M5,FE 24-70mm F2.8 GM II,100,4.5,1/125,55,24.3,97.4,48.3,60.0,57.2,52.8,0,5,2,1,true
archive\DSC00885.ARW,DSC00885.ARW,arw,true,true,2026:07:19 14:00:41,SONY,ILCE-7M5,FE 24-70mm F2.8 GM II,100,4.5,1/125,55,24.4,97.8,47.9,60.0,49.2,51.7,0,5,2,2,true
archive\DSC00885.JPG,DSC00885.JPG,jpg,false,true,2026:07:19 14:00:41,SONY,ILCE-7M5,FE 24-70mm F2.8 GM II,100,4.5,1/125,55,24.4,97.8,47.9,60.0,49.2,51.7,0,5,2,2,true
archive\DSC00887.ARW,DSC00887.ARW,arw,true,true,2026:07:19 14:00:48,SONY,ILCE-7M5,FE 24-70mm F2.8 GM II,100,4.5,1/125,70,24.8,96.9,53.9,60.0,52.9,53.1,0,6,1,1,true
archive\DSC00887.JPG,DSC00887.JPG,jpg,false,true,2026:07:19 14:00:48,SONY,ILCE-7M5,FE 24-70mm F2.8 GM II,100,4.5,1/125,70,24.8,96.9,53.9,60.0,52.9,53.1,0,6,1,1,true
archive\DSC00888.ARW,DSC00888.ARW,arw,true,true,2026:07:19 14:00:49,SONY,ILCE-7M5,FE 24-70mm F2.8 GM II,100,4.5,1/125,70,24.0,97.4,54.7,60.0,60.2,54.1,0,6,1,1,true
archive\DSC00888.JPG,DSC00888.JPG,jpg,false,true,2026:07:19 14:00:49,SONY,ILCE-7M5,FE 24-70mm F2.8 GM II,100,4.5,1/125,70,24.0,97.4,54.7,60.0,60.2,54.1,0,6,1,1,true
archive\DSC00889.ARW,DSC00889.ARW,arw,true,true,2026:07:19 14:00:53,SONY,ILCE-7M5,FE 24-70mm F2.8 GM II,100,4.5,1/125,70,21.9,99.9,50.8,60.0,65.3,54.0,0,0,,,
archive\DSC00889.JPG,DSC00889.JPG,jpg,false,true,2026:07:19 14:00:53,SONY,ILCE-7M5,FE 24-70mm F2.8 GM II,100,4.5,1/125,70,21.9,99.9,50.8,60.0,65.3,54.0,0,0,,,
archive\DSC00890.ARW,DSC00890.ARW,arw,true,true,2026:07:19 14:02:28,SONY,ILCE-7M5,FE 24-70mm F2.8 GM II,160,4.5,1/125,25,75.6,88.4,42.2,60.0,46.4,66.4,0,0,,,
archive\DSC00890.JPG,DSC00890.JPG,jpg,false,true,2026:07:19 14:02:28,SONY,ILCE-7M5,FE 24-70mm F2.8 GM II,160,4.5,1/125,25,75.6,88.4,42.2,60.0,46.4,66.4,0,0,,,
archive\DSC00891.ARW,DSC00891.ARW,arw,true,true,2026:07:19 14:02:34,SONY,ILCE-7M5,FE 24-70mm F2.8 GM II,160,4.5,1/125,25,79.6,86.9,46.0,60.0,46.9,68.2,0,0,,,
archive\DSC00891.JPG,DSC00891.JPG,jpg,false,true,2026:07:19 14:02:34,SONY,ILCE-7M5,FE 24-70mm F2.8 GM II,160,4.5,1/125,25,79.6,86.9,46.0,60.0,46.9,68.2,0,0,,,
archive\DSC00892.ARW,DSC00892.ARW,arw,true,true,2026:07:19 14:02:42,SONY,ILCE-7M5,FE 24-70mm F2.8 GM II,160,4.5,1/125,25,75.4,89.7,39.9,60.0,52.0,67.1,0,0,,,
archive\DSC00892.JPG,DSC00892.JPG,jpg,false,true,2026:07:19 14:02:42,SONY,ILCE-7M5,FE 24-70mm F2.8 GM II,160,4.5,1/125,25,75.4,89.7,39.9,60.0,52.0,67.1,0,0,,,
archive\DSC00893.ARW,DSC00893.ARW,arw,true,true,2026:07:19 14:02:45,SONY,ILCE-7M5,FE 24-70mm F2.8 GM II,200,4.5,1/125,25,76.8,91.7,40.0,60.0,52.3,68.1,0,0,,,
archive\DSC00893.JPG,DSC00893.JPG,jpg,false,true,2026:07:19 14:02:45,SONY,ILCE-7M5,FE 24-70mm F2.8 GM II,200,4.5,1/125,25,76.8,91.7,40.0,60.0,52.3,68.1,0,0,,,
archive\DSC00894.ARW,DSC00894.ARW,arw,true,true,2026:07:19 14:17:43,SONY,ILCE-7M5,FE 24-70mm F2.8 GM II,800,4.5,1/125,25,55.4,93.2,49.0,60.0,46.2,61.3,0,0,,,
archive\DSC00894.JPG,DSC00894.JPG,jpg,false,true,2026:07:19 14:17:43,SONY,ILCE-7M5,FE 24-70mm F2.8 GM II,800,4.5,1/125,25,55.4,93.2,49.0,60.0,46.2,61.3,0,0,,,
archive\DSC00895.ARW,DSC00895.ARW,arw,true,true,2026:07:19 14:17:46,SONY,ILCE-7M5,FE 24-70mm F2.8 GM II,800,4.5,1/125,25,56.6,92.0,46.8,60.0,48.7,61.6,0,13,2,2,true
archive\DSC00895.JPG,DSC00895.JPG,jpg,false,true,2026:07:19 14:17:46,SONY,ILCE-7M5,FE 24-70mm F2.8 GM II,800,4.5,1/125,25,56.6,92.0,46.8,60.0,48.7,61.6,0,13,2,2,true
archive\DSC00896.ARW,DSC00896.ARW,arw,true,true,2026:07:19 14:17:47,SONY,ILCE-7M5,FE 24-70mm F2.8 GM II,800,4.5,1/125,25,57.9,92.2,48.7,60.0,49.9,62.5,0,13,2,1,true
archive\DSC00896.JPG,DSC00896.JPG,jpg,false,true,2026:07:19 14:17:47,SONY,ILCE-7M5,FE 24-70mm F2.8 GM II,800,4.5,1/125,25,57.9,92.2,48.7,60.0,49.9,62.5,0,13,2,1,true
archive\DSC00897.ARW,DSC00897.ARW,arw,true,true,2026:07:19 14:21:39,SONY,ILCE-7M5,FE 24-70mm F2.8 GM II,160,2.8,1/80,63,91.3,19.2,88.2,60.0,38.1,63.7,0,0,,,
archive\DSC00897.JPG,DSC00897.JPG,jpg,false,true,2026:07:19 14:21:39,SONY,ILCE-7M5,FE 24-70mm F2.8 GM II,160,2.8,1/80,63,91.3,19.2,88.2,60.0,38.1,63.7,0,0,,,
archive\DSC00898.ARW,DSC00898.ARW,arw,true,true,2026:07:19 14:22:09,SONY,ILCE-7M5,FE 24-70mm F2.8 GM II,160,2.8,1/80,70,93.9,16.5,85.9,79.6,36.1,66.4,1,0,,,
archive\DSC00898.JPG,DSC00898.JPG,jpg,false,true,2026:07:19 14:22:09,SONY,ILCE-7M5,FE 24-70mm F2.8 GM II,160,2.8,1/80,70,93.9,16.5,85.9,79.6,36.1,66.4,1,0,,,
archive\DSC00899.ARW,DSC00899.ARW,arw,true,true,2026:07:19 14:22:12,SONY,ILCE-7M5,FE 24-70mm F2.8 GM II,320,2.8,1/80,70,89.5,27.3,84.7,70.5,39.5,66.0,1,16,2,1,true
archive\DSC00899.JPG,DSC00899.JPG,jpg,false,true,2026:07:19 14:22:12,SONY,ILCE-7M5,FE 24-70mm F2.8 GM II,320,2.8,1/80,70,89.5,27.3,84.7,70.5,39.5,66.0,1,16,2,1,true
archive\DSC00900.ARW,DSC00900.ARW,arw,true,true,2026:07:19 14:22:12,SONY,ILCE-7M5,FE 24-70mm F2.8 GM II,320,2.8,1/80,70,89.4,28.0,83.9,67.0,41.9,65.8,1,16,2,2,true
archive\DSC00900.JPG,DSC00900.JPG,jpg,false,true,2026:07:19 14:22:12,SONY,ILCE-7M5,FE 24-70mm F2.8 GM II,320,2.8,1/80,70,89.4,28.0,83.9,67.0,41.9,65.8,1,16,2,2,true
archive\DSC00901.ARW,DSC00901.ARW,arw,true,true,2026:07:19 15:22:59,SONY,ILCE-7M5,FE 24-70mm F2.8 GM II,1600,3.5,1/125,28,49.8,55.4,41.2,60.0,52.8,51.6,0,0,,,
archive\DSC00901.JPG,DSC00901.JPG,jpg,false,true,2026:07:19 15:22:59,SONY,ILCE-7M5,FE 24-70mm F2.8 GM II,1600,3.5,1/125,28,49.8,55.4,41.2,60.0,52.8,51.6,0,0,,,
archive\DSC00902.ARW,DSC00902.ARW,arw,true,true,2026:07:19 15:26:46,SONY,ILCE-7M5,FE 24-70mm F2.8 GM II,1250,2.8,1/125,29,52.1,92.7,38.8,60.0,46.5,58.6,0,18,2,1,true
archive\DSC00902.JPG,DSC00902.JPG,jpg,false,true,2026:07:19 15:26:46,SONY,ILCE-7M5,FE 24-70mm F2.8 GM II,1250,2.8,1/125,29,52.1,92.7,38.8,60.0,46.5,58.6,0,18,2,1,true
archive\DSC00903.ARW,DSC00903.ARW,arw,true,true,2026:07:19 15:26:48,SONY,ILCE-7M5,FE 24-70mm F2.8 GM II,1250,2.8,1/125,29,51.9,90.7,36.4,60.0,42.9,57.2,0,18,2,2,true
archive\DSC00903.JPG,DSC00903.JPG,jpg,false,true,2026:07:19 15:26:48,SONY,ILCE-7M5,FE 24-70mm F2.8 GM II,1250,2.8,1/125,29,51.9,90.7,36.4,60.0,42.9,57.2,0,18,2,2,true
archive\DSC00904.ARW,DSC00904.ARW,arw,true,true,2026:07:19 15:27:25,SONY,ILCE-7M5,FE 24-70mm F2.8 GM II,1000,2.8,1/125,24,50.7,98.8,39.0,37.8,45.7,55.9,1,0,,,
archive\DSC00904.JPG,DSC00904.JPG,jpg,false,true,2026:07:19 15:27:25,SONY,ILCE-7M5,FE 24-70mm F2.8 GM II,1000,2.8,1/125,24,50.7,98.8,39.0,37.8,45.7,55.9,1,0,,,
archive\DSC00906.ARW,DSC00906.ARW,arw,true,true,2026:07:19 15:27:34,SONY,ILCE-7M5,FE 24-70mm F2.8 GM II,3200,5,1/125,25,49.6,99.5,46.9,60.0,45.6,60.1,0,0,,,
archive\DSC00906.JPG,DSC00906.JPG,jpg,false,true,2026:07:19 15:27:34,SONY,ILCE-7M5,FE 24-70mm F2.8 GM II,3200,5,1/125,25,49.6,99.5,46.9,60.0,45.6,60.1,0,0,,,
archive\DSC00910.ARW,DSC00910.ARW,arw,true,true,2026:07:19 15:30:38,SONY,ILCE-7M5,FE 24-70mm F2.8 GM II,3200,5,1/320,28,52.8,32.8,66.6,60.0,38.2,49.8,0,0,,,
archive\DSC00910.JPG,DSC00910.JPG,jpg,false,true,2026:07:19 15:30:38,SONY,ILCE-7M5,FE 24-70mm F2.8 GM II,3200,5,1/320,28,52.8,32.8,66.6,60.0,38.2,49.8,0,0,,,
archive\DSC00911.ARW,DSC00911.ARW,arw,true,true,2026:07:19 15:30:45,SONY,ILCE-7M5,FE 24-70mm F2.8 GM II,2500,3.2,1/320,28,47.8,63.2,58.5,60.0,45.4,53.9,0,22,2,1,true
archive\DSC00911.JPG,DSC00911.JPG,jpg,false,true,2026:07:19 15:30:45,SONY,ILCE-7M5,FE 24-70mm F2.8 GM II,2500,3.2,1/320,28,47.8,63.2,58.5,60.0,45.4,53.9,0,22,2,1,true
archive\DSC00912.ARW,DSC00912.ARW,arw,true,true,2026:07:19 15:30:46,SONY,ILCE-7M5,FE 24-70mm F2.8 GM II,2500,3.2,1/320,28,47.6,62.7,58.4,60.0,44.9,53.7,0,22,2,2,true
archive\DSC00912.JPG,DSC00912.JPG,jpg,false,true,2026:07:19 15:30:46,SONY,ILCE-7M5,FE 24-70mm F2.8 GM II,2500,3.2,1/320,28,47.6,62.7,58.4,60.0,44.9,53.7,0,22,2,2,true
archive\DSC00913.ARW,DSC00913.ARW,arw,true,true,2026:07:19 15:38:15,SONY,ILCE-7M5,FE 24-70mm F2.8 GM II,1600,2.8,1/250,32,49.9,94.9,52.5,60.0,47.6,60.5,0,0,,,
archive\DSC00913.JPG,DSC00913.JPG,jpg,false,true,2026:07:19 15:38:15,SONY,ILCE-7M5,FE 24-70mm F2.8 GM II,1600,2.8,1/250,32,49.9,94.9,52.5,60.0,47.6,60.5,0,0,,,
archive\DSC00914.ARW,DSC00914.ARW,arw,true,true,2026:07:19 15:38:18,SONY,ILCE-7M5,FE 24-70mm F2.8 GM II,1600,2.8,1/250,32,48.9,97.2,51.9,60.0,44.8,60.1,0,0,,,
archive\DSC00914.JPG,DSC00914.JPG,jpg,false,true,2026:07:19 15:38:18,SONY,ILCE-7M5,FE 24-70mm F2.8 GM II,1600,2.8,1/250,32,48.9,97.2,51.9,60.0,44.8,60.1,0,0,,,
archive\DSC00916.ARW,DSC00916.ARW,arw,true,true,2026:07:19 15:48:50,SONY,ILCE-7M5,FE 24-70mm F2.8 GM II,640,4,1/250,30,55.5,96.0,44.3,60.0,49.7,61.7,0,25,2,1,true
archive\DSC00916.JPG,DSC00916.JPG,jpg,false,true,2026:07:19 15:48:50,SONY,ILCE-7M5,FE 24-70mm F2.8 GM II,640,4,1/250,30,55.5,96.0,44.3,60.0,49.7,61.7,0,25,2,1,true
archive\DSC00917.ARW,DSC00917.ARW,arw,true,true,2026:07:19 15:48:51,SONY,ILCE-7M5,FE 24-70mm F2.8 GM II,640,4,1/250,30,54.5,95.8,45.3,40.0,47.6,58.2,1,25,2,2,true
archive\DSC00917.JPG,DSC00917.JPG,jpg,false,true,2026:07:19 15:48:51,SONY,ILCE-7M5,FE 24-70mm F2.8 GM II,640,4,1/250,30,54.5,95.8,45.3,40.0,47.6,58.2,1,25,2,2,true
archive\DSC00918.ARW,DSC00918.ARW,arw,true,true,2026:07:19 15:48:57,SONY,ILCE-7M5,FE 24-70mm F2.8 GM II,640,4,1/250,30,52.7,94.7,45.7,60.0,49.4,60.7,0,26,2,2,true
archive\DSC00918.JPG,DSC00918.JPG,jpg,false,true,2026:07:19 15:48:57,SONY,ILCE-7M5,FE 24-70mm F2.8 GM II,640,4,1/250,30,52.7,94.7,45.7,60.0,49.4,60.7,0,26,2,2,true
archive\DSC00919.ARW,DSC00919.ARW,arw,true,true,2026:07:19 15:48:57,SONY,ILCE-7M5,FE 24-70mm F2.8 GM II,640,4,1/250,30,54.0,94.9,45.7,60.0,55.0,62.0,0,26,2,1,true
archive\DSC00919.JPG,DSC00919.JPG,jpg,false,true,2026:07:19 15:48:57,SONY,ILCE-7M5,FE 24-70mm F2.8 GM II,640,4,1/250,30,54.0,94.9,45.7,60.0,55.0,62.0,0,26,2,1,true
archive\DSC00920.ARW,DSC00920.ARW,arw,true,true,2026:07:19 15:49:12,SONY,ILCE-7M5,FE 24-70mm F2.8 GM II,500,4,1/250,30,53.6,78.7,73.6,60.0,49.6,62.0,0,27,3,1,true
archive\DSC00920.JPG,DSC00920.JPG,jpg,false,true,2026:07:19 15:49:12,SONY,ILCE-7M5,FE 24-70mm F2.8 GM II,500,4,1/250,30,53.6,78.7,73.6,60.0,49.6,62.0,0,27,3,1,true
archive\DSC00921.ARW,DSC00921.ARW,arw,true,true,2026:07:19 15:49:12,SONY,ILCE-7M5,FE 24-70mm F2.8 GM II,500,4,1/250,30,53.6,77.8,74.3,60.0,49.4,61.9,0,27,3,2,true
archive\DSC00921.JPG,DSC00921.JPG,jpg,false,true,2026:07:19 15:49:12,SONY,ILCE-7M5,FE 24-70mm F2.8 GM II,500,4,1/250,30,53.6,77.8,74.3,60.0,49.4,61.9,0,27,3,2,true
archive\DSC00922.ARW,DSC00922.ARW,arw,true,true,2026:07:19 15:49:14,SONY,ILCE-7M5,FE 24-70mm F2.8 GM II,500,4,1/250,30,52.9,77.7,74.5,60.0,50.1,61.7,0,27,3,3,false
archive\DSC00922.JPG,DSC00922.JPG,jpg,false,true,2026:07:19 15:49:14,SONY,ILCE-7M5,FE 24-70mm F2.8 GM II,500,4,1/250,30,52.9,77.7,74.5,60.0,50.1,61.7,0,27,3,3,false
archive\DSC00923.ARW,DSC00923.ARW,arw,true,true,2026:07:19 15:50:57,SONY,ILCE-7M5,FE 24-70mm F2.8 GM II,1600,4,1/250,34,63.0,91.3,35.2,60.0,47.1,61.6,0,0,,,
archive\DSC00923.JPG,DSC00923.JPG,jpg,false,true,2026:07:19 15:50:57,SONY,ILCE-7M5,FE 24-70mm F2.8 GM II,1600,4,1/250,34,63.0,91.3,35.2,60.0,47.1,61.6,0,0,,,
archive\DSC00925.ARW,DSC00925.ARW,arw,true,true,2026:07:19 15:51:06,SONY,ILCE-7M5,FE 24-70mm F2.8 GM II,1250,4,1/250,28,56.4,76.5,75.0,60.0,40.3,61.4,0,29,2,2,true
archive\DSC00925.JPG,DSC00925.JPG,jpg,false,true,2026:07:19 15:51:06,SONY,ILCE-7M5,FE 24-70mm F2.8 GM II,1250,4,1/250,28,56.4,76.5,75.0,60.0,40.3,61.4,0,29,2,2,true
archive\DSC00926.ARW,DSC00926.ARW,arw,true,true,2026:07:19 15:51:07,SONY,ILCE-7M5,FE 24-70mm F2.8 GM II,1250,4,1/250,28,55.8,77.3,74.9,60.0,41.7,61.5,0,29,2,1,true
archive\DSC00926.JPG,DSC00926.JPG,jpg,false,true,2026:07:19 15:51:07,SONY,ILCE-7M5,FE 24-70mm F2.8 GM II,1250,4,1/250,28,55.8,77.3,74.9,60.0,41.7,61.5,0,29,2,1,true
archive\DSC00927.ARW,DSC00927.ARW,arw,true,true,2026:07:19 15:53:43,SONY,ILCE-7M5,FE 24-70mm F2.8 GM II,500,4,1/250,26,78.3,43.0,55.2,42.3,50.9,58.3,1,30,2,2,true
archive\DSC00927.JPG,DSC00927.JPG,jpg,false,true,2026:07:19 15:53:43,SONY,ILCE-7M5,FE 24-70mm F2.8 GM II,500,4,1/250,26,78.3,43.0,55.2,42.3,50.9,58.3,1,30,2,2,true
archive\DSC00928.ARW,DSC00928.ARW,arw,true,true,2026:07:19 15:53:44,SONY,ILCE-7M5,FE 24-70mm F2.8 GM II,640,4,1/250,26,77.4,42.6,55.8,60.0,52.0,60.8,0,30,2,1,true
archive\DSC00928.JPG,DSC00928.JPG,jpg,false,true,2026:07:19 15:53:44,SONY,ILCE-7M5,FE 24-70mm F2.8 GM II,640,4,1/250,26,77.4,42.6,55.8,60.0,52.0,60.8,0,30,2,1,true
archive\DSC00929.ARW,DSC00929.ARW,arw,true,true,2026:07:19 15:53:53,SONY,ILCE-7M5,FE 24-70mm F2.8 GM II,500,4,1/250,26,73.3,71.5,45.7,60.0,48.9,63.2,0,0,,,
archive\DSC00929.JPG,DSC00929.JPG,jpg,false,true,2026:07:19 15:53:53,SONY,ILCE-7M5,FE 24-70mm F2.8 GM II,500,4,1/250,26,73.3,71.5,45.7,60.0,48.9,63.2,0,0,,,
archive\DSC00930.ARW,DSC00930.ARW,arw,true,true,2026:07:19 15:54:56,SONY,ILCE-7M5,FE 24-70mm F2.8 GM II,800,4,1/250,30,52.2,39.9,66.3,60.0,51.9,53.0,0,32,2,1,true
archive\DSC00930.JPG,DSC00930.JPG,jpg,false,true,2026:07:19 15:54:56,SONY,ILCE-7M5,FE 24-70mm F2.8 GM II,800,4,1/250,30,52.2,39.9,66.3,60.0,51.9,53.0,0,32,2,1,true
archive\DSC00931.ARW,DSC00931.ARW,arw,true,true,2026:07:19 15:54:57,SONY,ILCE-7M5,FE 24-70mm F2.8 GM II,800,4,1/250,30,48.5,39.6,66.8,60.0,50.9,51.6,0,32,2,2,true
archive\DSC00931.JPG,DSC00931.JPG,jpg,false,true,2026:07:19 15:54:57,SONY,ILCE-7M5,FE 24-70mm F2.8 GM II,800,4,1/250,30,48.5,39.6,66.8,60.0,50.9,51.6,0,32,2,2,true
archive\DSC00934.ARW,DSC00934.ARW,arw,true,true,2026:07:19 15:55:42,SONY,ILCE-7M5,FE 24-70mm F2.8 GM II,1000,4,1/250,34,63.3,37.3,61.2,60.0,52.4,55.7,0,0,,,
archive\DSC00934.JPG,DSC00934.JPG,jpg,false,true,2026:07:19 15:55:42,SONY,ILCE-7M5,FE 24-70mm F2.8 GM II,1000,4,1/250,34,63.3,37.3,61.2,60.0,52.4,55.7,0,0,,,
archive\DSC00936.ARW,DSC00936.ARW,arw,true,true,2026:07:19 15:55:50,SONY,ILCE-7M5,FE 24-70mm F2.8 GM II,1000,4,1/250,34,61.6,37.2,56.7,60.0,53.6,54.5,0,34,2,2,true
archive\DSC00936.JPG,DSC00936.JPG,jpg,false,true,2026:07:19 15:55:50,SONY,ILCE-7M5,FE 24-70mm F2.8 GM II,1000,4,1/250,34,61.6,37.2,56.7,60.0,53.6,54.5,0,34,2,2,true
archive\DSC00937.ARW,DSC00937.ARW,arw,true,true,2026:07:19 15:55:50,SONY,ILCE-7M5,FE 24-70mm F2.8 GM II,1000,4,1/250,34,61.6,36.0,56.9,60.0,55.6,54.6,0,34,2,1,true
archive\DSC00937.JPG,DSC00937.JPG,jpg,false,true,2026:07:19 15:55:50,SONY,ILCE-7M5,FE 24-70mm F2.8 GM II,1000,4,1/250,34,61.6,36.0,56.9,60.0,55.6,54.6,0,34,2,1,true
archive\DSC00938.ARW,DSC00938.ARW,arw,true,true,2026:07:19 15:58:17,SONY,ILCE-7M5,FE 24-70mm F2.8 GM II,1250,4,1/250,29,46.6,32.9,83.1,60.0,44.0,50.9,0,0,,,
archive\DSC00938.JPG,DSC00938.JPG,jpg,false,true,2026:07:19 15:58:17,SONY,ILCE-7M5,FE 24-70mm F2.8 GM II,1250,4,1/250,29,46.6,32.9,83.1,60.0,44.0,50.9,0,0,,,
archive\DSC00940.ARW,DSC00940.ARW,arw,true,true,2026:07:19 16:03:06,SONY,ILCE-7M5,FE 24-70mm F2.8 GM II,500,4,1/250,35,43.3,43.1,77.6,17.9,43.0,44.6,1,36,2,2,true
archive\DSC00940.JPG,DSC00940.JPG,jpg,false,true,2026:07:19 16:03:06,SONY,ILCE-7M5,FE 24-70mm F2.8 GM II,500,4,1/250,35,43.3,43.1,77.6,17.9,43.0,44.6,1,36,2,2,true
archive\DSC00941.ARW,DSC00941.ARW,arw,true,true,2026:07:19 16:03:06,SONY,ILCE-7M5,FE 24-70mm F2.8 GM II,500,4,1/250,35,43.2,43.1,77.0,18.1,44.7,44.7,1,36,2,1,true
archive\DSC00941.JPG,DSC00941.JPG,jpg,false,true,2026:07:19 16:03:06,SONY,ILCE-7M5,FE 24-70mm F2.8 GM II,500,4,1/250,35,43.2,43.1,77.0,18.1,44.7,44.7,1,36,2,1,true
archive\DSC00942.ARW,DSC00942.ARW,arw,true,true,2026:07:19 16:03:45,SONY,ILCE-7M5,FE 24-70mm F2.8 GM II,1000,4,1/250,28,64.7,67.2,46.7,60.0,57.3,60.7,0,37,2,1,true
archive\DSC00942.JPG,DSC00942.JPG,jpg,false,true,2026:07:19 16:03:45,SONY,ILCE-7M5,FE 24-70mm F2.8 GM II,1000,4,1/250,28,64.7,67.2,46.7,60.0,57.3,60.7,0,37,2,1,true
archive\DSC00943.ARW,DSC00943.ARW,arw,true,true,2026:07:19 16:03:45,SONY,ILCE-7M5,FE 24-70mm F2.8 GM II,1000,4,1/250,28,64.1,68.7,44.4,60.0,58.3,60.6,0,37,2,2,true
archive\DSC00943.JPG,DSC00943.JPG,jpg,false,true,2026:07:19 16:03:45,SONY,ILCE-7M5,FE 24-70mm F2.8 GM II,1000,4,1/250,28,64.1,68.7,44.4,60.0,58.3,60.6,0,37,2,2,true
archive\DSC00944.ARW,DSC00944.ARW,arw,true,true,2026:07:19 16:04:42,SONY,ILCE-7M5,FE 24-70mm F2.8 GM II,1250,4,1/250,35,42.6,75.1,65.5,60.0,42.9,55.2,0,38,2,2,true
archive\DSC00944.JPG,DSC00944.JPG,jpg,false,true,2026:07:19 16:04:42,SONY,ILCE-7M5,FE 24-70mm F2.8 GM II,1250,4,1/250,35,42.6,75.1,65.5,60.0,42.9,55.2,0,38,2,2,true
archive\DSC00945.ARW,DSC00945.ARW,arw,true,true,2026:07:19 16:04:42,SONY,ILCE-7M5,FE 24-70mm F2.8 GM II,1250,4,1/250,35,43.6,75.9,65.1,60.0,43.2,55.7,0,38,2,1,true
archive\DSC00945.JPG,DSC00945.JPG,jpg,false,true,2026:07:19 16:04:42,SONY,ILCE-7M5,FE 24-70mm F2.8 GM II,1250,4,1/250,35,43.6,75.9,65.1,60.0,43.2,55.7,0,38,2,1,true
archive\DSC00946.ARW,DSC00946.ARW,arw,true,true,2026:07:19 16:04:55,SONY,ILCE-7M5,FE 24-70mm F2.8 GM II,1000,4,1/250,31,48.4,82.8,51.2,60.0,46.5,57.1,0,0,,,
archive\DSC00946.JPG,DSC00946.JPG,jpg,false,true,2026:07:19 16:04:55,SONY,ILCE-7M5,FE 24-70mm F2.8 GM II,1000,4,1/250,31,48.4,82.8,51.2,60.0,46.5,57.1,0,0,,,
archive\DSC00947.ARW,DSC00947.ARW,arw,true,true,2026:07:19 16:04:59,SONY,ILCE-7M5,FE 24-70mm F2.8 GM II,1250,4,1/250,29,44.8,80.8,52.7,60.0,40.0,54.7,0,40,2,2,true
archive\DSC00947.JPG,DSC00947.JPG,jpg,false,true,2026:07:19 16:04:59,SONY,ILCE-7M5,FE 24-70mm F2.8 GM II,1250,4,1/250,29,44.8,80.8,52.7,60.0,40.0,54.7,0,40,2,2,true
archive\DSC00948.ARW,DSC00948.ARW,arw,true,true,2026:07:19 16:04:59,SONY,ILCE-7M5,FE 24-70mm F2.8 GM II,1250,4,1/250,29,45.7,83.0,53.1,60.0,43.4,56.1,0,40,2,1,true
archive\DSC00948.JPG,DSC00948.JPG,jpg,false,true,2026:07:19 16:04:59,SONY,ILCE-7M5,FE 24-70mm F2.8 GM II,1250,4,1/250,29,45.7,83.0,53.1,60.0,43.4,56.1,0,40,2,1,true
archive\DSC00949.ARW,DSC00949.ARW,arw,true,true,2026:07:19 16:05:46,SONY,ILCE-7M5,FE 24-70mm F2.8 GM II,1000,4,1/250,47,43.9,45.4,72.5,60.0,41.7,50.6,0,0,,,
archive\DSC00949.JPG,DSC00949.JPG,jpg,false,true,2026:07:19 16:05:46,SONY,ILCE-7M5,FE 24-70mm F2.8 GM II,1000,4,1/250,47,43.9,45.4,72.5,60.0,41.7,50.6,0,0,,,
archive\DSC00950.ARW,DSC00950.ARW,arw,true,true,2026:07:19 16:10:59,SONY,ILCE-7M5,FE 24-70mm F2.8 GM II,1000,4,1/250,35,54.5,86.9,37.3,46.5,52.4,56.9,1,0,,,
archive\DSC00950.JPG,DSC00950.JPG,jpg,false,true,2026:07:19 16:10:59,SONY,ILCE-7M5,FE 24-70mm F2.8 GM II,1000,4,1/250,35,54.5,86.9,37.3,46.5,52.4,56.9,1,0,,,
archive\DSC00951.ARW,DSC00951.ARW,arw,true,true,2026:07:19 16:11:02,SONY,ILCE-7M5,FE 24-70mm F2.8 GM II,1000,4,1/250,35,53.0,80.7,40.4,60.0,47.8,56.9,0,0,,,
archive\DSC00951.JPG,DSC00951.JPG,jpg,false,true,2026:07:19 16:11:02,SONY,ILCE-7M5,FE 24-70mm F2.8 GM II,1000,4,1/250,35,53.0,80.7,40.4,60.0,47.8,56.9,0,0,,,
archive\DSC00952.ARW,DSC00952.ARW,arw,true,true,2026:07:19 16:11:08,SONY,ILCE-7M5,FE 24-70mm F2.8 GM II,1000,4,1/250,35,53.8,84.1,41.6,60.0,52.6,58.8,0,44,2,1,true
archive\DSC00952.JPG,DSC00952.JPG,jpg,false,true,2026:07:19 16:11:08,SONY,ILCE-7M5,FE 24-70mm F2.8 GM II,1000,4,1/250,35,53.8,84.1,41.6,60.0,52.6,58.8,0,44,2,1,true
archive\DSC00953.ARW,DSC00953.ARW,arw,true,true,2026:07:19 16:11:09,SONY,ILCE-7M5,FE 24-70mm F2.8 GM II,1000,4,1/250,35,52.2,81.7,39.9,60.0,49.4,57.0,0,44,2,2,true
archive\DSC00953.JPG,DSC00953.JPG,jpg,false,true,2026:07:19 16:11:09,SONY,ILCE-7M5,FE 24-70mm F2.8 GM II,1000,4,1/250,35,52.2,81.7,39.9,60.0,49.4,57.0,0,44,2,2,true
archive\DSC00954.ARW,DSC00954.ARW,arw,true,true,2026:07:19 16:15:06,SONY,ILCE-7M5,FE 24-70mm F2.8 GM II,1600,4,1/250,35,55.4,63.0,55.0,60.0,47.6,56.4,0,45,2,1,true
archive\DSC00954.JPG,DSC00954.JPG,jpg,false,true,2026:07:19 16:15:06,SONY,ILCE-7M5,FE 24-70mm F2.8 GM II,1600,4,1/250,35,55.4,63.0,55.0,60.0,47.6,56.4,0,45,2,1,true
archive\DSC00955.ARW,DSC00955.ARW,arw,true,true,2026:07:19 16:15:07,SONY,ILCE-7M5,FE 24-70mm F2.8 GM II,1600,4,1/250,35,55.6,62.8,54.1,60.0,46.2,56.0,0,45,2,2,true
archive\DSC00955.JPG,DSC00955.JPG,jpg,false,true,2026:07:19 16:15:07,SONY,ILCE-7M5,FE 24-70mm F2.8 GM II,1600,4,1/250,35,55.6,62.8,54.1,60.0,46.2,56.0,0,45,2,2,true
archive\DSC00956.ARW,DSC00956.ARW,arw,true,true,2026:07:19 16:15:30,SONY,ILCE-7M5,FE 24-70mm F2.8 GM II,800,4,1/160,31,60.6,50.1,56.3,60.0,45.5,55.5,0,0,,,
archive\DSC00956.JPG,DSC00956.JPG,jpg,false,true,2026:07:19 16:15:30,SONY,ILCE-7M5,FE 24-70mm F2.8 GM II,800,4,1/160,31,60.6,50.1,56.3,60.0,45.5,55.5,0,0,,,
archive\DSC00957.ARW,DSC00957.ARW,arw,true,true,2026:07:19 16:18:58,SONY,ILCE-7M5,FE 24-70mm F2.8 GM II,400,4,1/160,34,53.5,33.1,74.6,60.0,39.5,51.5,0,0,,,
archive\DSC00957.JPG,DSC00957.JPG,jpg,false,true,2026:07:19 16:18:58,SONY,ILCE-7M5,FE 24-70mm F2.8 GM II,400,4,1/160,34,53.5,33.1,74.6,60.0,39.5,51.5,0,0,,,
archive\DSC00958.ARW,DSC00958.ARW,arw,true,true,2026:07:19 16:19:01,SONY,ILCE-7M5,FE 24-70mm F2.8 GM II,400,4,1/160,34,55.3,32.9,73.4,60.0,42.4,52.3,0,0,,,
archive\DSC00958.JPG,DSC00958.JPG,jpg,false,true,2026:07:19 16:19:01,SONY,ILCE-7M5,FE 24-70mm F2.8 GM II,400,4,1/160,34,55.3,32.9,73.4,60.0,42.4,52.3,0,0,,,
archive\DSC00960.ARW,DSC00960.ARW,arw,true,true,2026:07:19 16:48:07,SONY,ILCE-7M5,FE 24-70mm F2.8 GM II,100,4,1/160,50,20.6,64.9,32.3,60.0,39.6,40.0,0,49,2,2,true
archive\DSC00960.JPG,DSC00960.JPG,jpg,false,true,2026:07:19 16:48:07,SONY,ILCE-7M5,FE 24-70mm F2.8 GM II,100,4,1/160,50,20.6,64.9,32.3,60.0,39.6,40.0,0,49,2,2,true
archive\DSC00961.ARW,DSC00961.ARW,arw,true,true,2026:07:19 16:48:07,SONY,ILCE-7M5,FE 24-70mm F2.8 GM II,100,4,1/160,50,19.5,65.5,32.2,60.0,44.8,40.4,0,49,2,1,true
archive\DSC00961.JPG,DSC00961.JPG,jpg,false,true,2026:07:19 16:48:07,SONY,ILCE-7M5,FE 24-70mm F2.8 GM II,100,4,1/160,50,19.5,65.5,32.2,60.0,44.8,40.4,0,49,2,1,true
archive\DSC00962.ARW,DSC00962.ARW,arw,true,true,2026:07:19 16:51:48,SONY,ILCE-7M5,FE 24-70mm F2.8 GM II,100,2.8,1/500,25,51.4,90.7,16.9,60.0,52.8,55.6,0,50,3,1,true
archive\DSC00962.JPG,DSC00962.JPG,jpg,false,true,2026:07:19 16:51:48,SONY,ILCE-7M5,FE 24-70mm F2.8 GM II,100,2.8,1/500,25,51.4,90.7,16.9,60.0,52.8,55.6,0,50,3,1,true
archive\DSC00963.ARW,DSC00963.ARW,arw,true,true,2026:07:19 16:51:49,SONY,ILCE-7M5,FE 24-70mm F2.8 GM II,100,2.8,1/500,25,51.5,90.7,18.4,60.0,45.6,54.8,0,50,3,2,true
archive\DSC00963.JPG,DSC00963.JPG,jpg,false,true,2026:07:19 16:51:49,SONY,ILCE-7M5,FE 24-70mm F2.8 GM II,100,2.8,1/500,25,51.5,90.7,18.4,60.0,45.6,54.8,0,50,3,2,true
archive\DSC00964.ARW,DSC00964.ARW,arw,true,true,2026:07:19 16:51:49,SONY,ILCE-7M5,FE 24-70mm F2.8 GM II,100,2.8,1/500,25,51.0,89.8,18.8,60.0,46.8,54.6,0,50,3,3,false
archive\DSC00964.JPG,DSC00964.JPG,jpg,false,true,2026:07:19 16:51:49,SONY,ILCE-7M5,FE 24-70mm F2.8 GM II,100,2.8,1/500,25,51.0,89.8,18.8,60.0,46.8,54.6,0,50,3,3,false
archive\DSC00965.ARW,DSC00965.ARW,arw,true,true,2026:07:19 16:51:50,SONY,ILCE-7M5,FE 24-70mm F2.8 GM II,100,2.8,1/500,25,51.4,91.3,17.9,60.0,53.3,55.9,0,50,2,2,true
archive\DSC00965.JPG,DSC00965.JPG,jpg,false,true,2026:07:19 16:51:50,SONY,ILCE-7M5,FE 24-70mm F2.8 GM II,100,2.8,1/500,25,51.4,91.3,17.9,60.0,53.3,55.9,0,50,2,2,true
archive\DSC00966.ARW,DSC00966.ARW,arw,true,true,2026:07:19 16:51:51,SONY,ILCE-7M5,FE 24-70mm F2.8 GM II,100,2.8,1/500,25,51.6,92.2,17.2,60.0,54.1,56.2,0,50,2,1,true
archive\DSC00966.JPG,DSC00966.JPG,jpg,false,true,2026:07:19 16:51:51,SONY,ILCE-7M5,FE 24-70mm F2.8 GM II,100,2.8,1/500,25,51.6,92.2,17.2,60.0,54.1,56.2,0,50,2,1,true
archive\DSC00967.ARW,DSC00967.ARW,arw,true,true,2026:07:19 16:51:57,SONY,ILCE-7M5,FE 24-70mm F2.8 GM II,100,2.8,1/500,25,49.3,95.9,17.7,60.0,54.1,56.2,0,51,5,1,true
archive\DSC00967.JPG,DSC00967.JPG,jpg,false,true,2026:07:19 16:51:57,SONY,ILCE-7M5,FE 24-70mm F2.8 GM II,100,2.8,1/500,25,49.3,95.9,17.7,60.0,54.1,56.2,0,51,5,1,true
archive\DSC00968.ARW,DSC00968.ARW,arw,true,true,2026:07:19 16:51:58,SONY,ILCE-7M5,FE 24-70mm F2.8 GM II,100,2.8,1/500,25,48.4,93.5,19.1,60.0,53.5,55.5,0,51,5,4,false
archive\DSC00968.JPG,DSC00968.JPG,jpg,false,true,2026:07:19 16:51:58,SONY,ILCE-7M5,FE 24-70mm F2.8 GM II,100,2.8,1/500,25,48.4,93.5,19.1,60.0,53.5,55.5,0,51,5,4,false
archive\DSC00969.ARW,DSC00969.ARW,arw,true,true,2026:07:19 16:51:58,SONY,ILCE-7M5,FE 24-70mm F2.8 GM II,100,2.8,1/500,25,47.8,94.2,20.2,60.0,51.9,55.4,0,51,5,5,false
archive\DSC00969.JPG,DSC00969.JPG,jpg,false,true,2026:07:19 16:51:58,SONY,ILCE-7M5,FE 24-70mm F2.8 GM II,100,2.8,1/500,25,47.8,94.2,20.2,60.0,51.9,55.4,0,51,5,5,false
archive\DSC00970.ARW,DSC00970.ARW,arw,true,true,2026:07:19 16:51:59,SONY,ILCE-7M5,FE 24-70mm F2.8 GM II,100,2.8,1/500,25,47.5,92.4,22.9,60.0,55.8,55.9,0,51,5,2,true
archive\DSC00970.JPG,DSC00970.JPG,jpg,false,true,2026:07:19 16:51:59,SONY,ILCE-7M5,FE 24-70mm F2.8 GM II,100,2.8,1/500,25,47.5,92.4,22.9,60.0,55.8,55.9,0,51,5,2,true
archive\DSC00971.ARW,DSC00971.ARW,arw,true,true,2026:07:19 16:52:01,SONY,ILCE-7M5,FE 24-70mm F2.8 GM II,100,2.8,1/500,26,47.8,94.1,22.3,60.0,51.6,55.6,0,51,5,3,false
archive\DSC00971.JPG,DSC00971.JPG,jpg,false,true,2026:07:19 16:52:01,SONY,ILCE-7M5,FE 24-70mm F2.8 GM II,100,2.8,1/500,26,47.8,94.1,22.3,60.0,51.6,55.6,0,51,5,3,false
archive\DSC00972.ARW,DSC00972.ARW,arw,true,true,2026:07:19 16:52:40,SONY,ILCE-7M5,FE 24-70mm F2.8 GM II,100,2.8,1/500,47,24.0,84.7,38.0,60.0,50.1,47.6,0,52,3,1,true
archive\DSC00972.JPG,DSC00972.JPG,jpg,false,true,2026:07:19 16:52:40,SONY,ILCE-7M5,FE 24-70mm F2.8 GM II,100,2.8,1/500,47,24.0,84.7,38.0,60.0,50.1,47.6,0,52,3,1,true
archive\DSC00973.ARW,DSC00973.ARW,arw,true,true,2026:07:19 16:52:41,SONY,ILCE-7M5,FE 24-70mm F2.8 GM II,100,2.8,1/500,47,24.6,82.9,37.4,60.0,48.8,47.1,0,52,3,2,true
archive\DSC00973.JPG,DSC00973.JPG,jpg,false,true,2026:07:19 16:52:41,SONY,ILCE-7M5,FE 24-70mm F2.8 GM II,100,2.8,1/500,47,24.6,82.9,37.4,60.0,48.8,47.1,0,52,3,2,true
archive\DSC00974.ARW,DSC00974.ARW,arw,true,true,2026:07:19 16:52:43,SONY,ILCE-7M5,FE 24-70mm F2.8 GM II,100,2.8,1/500,47,21.2,80.2,38.5,60.0,46.4,45.2,0,52,3,3,false
archive\DSC00974.JPG,DSC00974.JPG,jpg,false,true,2026:07:19 16:52:43,SONY,ILCE-7M5,FE 24-70mm F2.8 GM II,100,2.8,1/500,47,21.2,80.2,38.5,60.0,46.4,45.2,0,52,3,3,false
archive\DSC00975.ARW,DSC00975.ARW,arw,true,true,2026:07:19 16:52:51,SONY,ILCE-7M5,FE 24-70mm F2.8 GM II,100,2.8,1/500,47,22.5,81.3,38.5,60.0,41.1,45.1,0,53,2,2,true
archive\DSC00975.JPG,DSC00975.JPG,jpg,false,true,2026:07:19 16:52:51,SONY,ILCE-7M5,FE 24-70mm F2.8 GM II,100,2.8,1/500,47,22.5,81.3,38.5,60.0,41.1,45.1,0,53,2,2,true
archive\DSC00976.ARW,DSC00976.ARW,arw,true,true,2026:07:19 16:52:52,SONY,ILCE-7M5,FE 24-70mm F2.8 GM II,100,2.8,1/500,47,22.5,81.6,37.8,60.0,45.6,45.7,0,53,2,1,true
archive\DSC00976.JPG,DSC00976.JPG,jpg,false,true,2026:07:19 16:52:52,SONY,ILCE-7M5,FE 24-70mm F2.8 GM II,100,2.8,1/500,47,22.5,81.6,37.8,60.0,45.6,45.7,0,53,2,1,true
archive\DSC00977.ARW,DSC00977.ARW,arw,true,true,2026:07:19 17:08:11,SONY,ILCE-7M5,FE 24-70mm F2.8 GM II,100,2.8,1/500,26,53.1,91.0,7.8,60.0,49.2,54.3,0,0,,,
archive\DSC00977.JPG,DSC00977.JPG,jpg,false,true,2026:07:19 17:08:11,SONY,ILCE-7M5,FE 24-70mm F2.8 GM II,100,2.8,1/500,26,53.1,91.0,7.8,60.0,49.2,54.3,0,0,,,
archive\DSC00978.ARW,DSC00978.ARW,arw,true,true,2026:07:19 17:08:15,SONY,ILCE-7M5,FE 24-70mm F2.8 GM II,100,2.8,1/500,26,59.8,84.0,7.8,60.0,44.7,54.6,0,55,2,2,true
archive\DSC00978.JPG,DSC00978.JPG,jpg,false,true,2026:07:19 17:08:15,SONY,ILCE-7M5,FE 24-70mm F2.8 GM II,100,2.8,1/500,26,59.8,84.0,7.8,60.0,44.7,54.6,0,55,2,2,true
archive\DSC00979.ARW,DSC00979.ARW,arw,true,true,2026:07:19 17:08:16,SONY,ILCE-7M5,FE 24-70mm F2.8 GM II,100,2.8,1/500,26,62.0,82.3,8.0,60.0,50.4,55.9,0,55,2,1,true
archive\DSC00979.JPG,DSC00979.JPG,jpg,false,true,2026:07:19 17:08:16,SONY,ILCE-7M5,FE 24-70mm F2.8 GM II,100,2.8,1/500,26,62.0,82.3,8.0,60.0,50.4,55.9,0,55,2,1,true
archive\DSC00980.ARW,DSC00980.ARW,arw,true,true,2026:07:19 17:08:17,SONY,ILCE-7M5,FE 24-70mm F2.8 GM II,100,2.8,1/500,26,60.1,82.2,8.3,60.0,49.5,55.2,0,55,1,1,true
archive\DSC00980.JPG,DSC00980.JPG,jpg,false,true,2026:07:19 17:08:17,SONY,ILCE-7M5,FE 24-70mm F2.8 GM II,100,2.8,1/500,26,60.1,82.2,8.3,60.0,49.5,55.2,0,55,1,1,true
archive\DSC00981.ARW,DSC00981.ARW,arw,true,true,2026:07:19 17:11:15,SONY,ILCE-7M5,FE 24-70mm F2.8 GM II,125,2.8,1/500,24,51.6,66.0,13.4,81.8,52.2,53.4,1,0,,,
archive\DSC00981.JPG,DSC00981.JPG,jpg,false,true,2026:07:19 17:11:15,SONY,ILCE-7M5,FE 24-70mm F2.8 GM II,125,2.8,1/500,24,51.6,66.0,13.4,81.8,52.2,53.4,1,0,,,
archive\DSC00982.ARW,DSC00982.ARW,arw,true,true,2026:07:19 17:11:18,SONY,ILCE-7M5,FE 24-70mm F2.8 GM II,125,2.8,1/500,24,49.2,66.7,13.8,78.5,54.1,52.5,1,57,2,1,true
archive\DSC00982.JPG,DSC00982.JPG,jpg,false,true,2026:07:19 17:11:18,SONY,ILCE-7M5,FE 24-70mm F2.8 GM II,125,2.8,1/500,24,49.2,66.7,13.8,78.5,54.1,52.5,1,57,2,1,true
archive\DSC00983.ARW,DSC00983.ARW,arw,true,true,2026:07:19 17:11:19,SONY,ILCE-7M5,FE 24-70mm F2.8 GM II,125,2.8,1/500,24,47.5,66.8,13.1,85.0,43.8,51.3,1,57,2,2,true
archive\DSC00983.JPG,DSC00983.JPG,jpg,false,true,2026:07:19 17:11:19,SONY,ILCE-7M5,FE 24-70mm F2.8 GM II,125,2.8,1/500,24,47.5,66.8,13.1,85.0,43.8,51.3,1,57,2,2,true
archive\DSC00985.ARW,DSC00985.ARW,arw,true,true,2026:07:19 17:12:13,SONY,ILCE-7M5,FE 24-70mm F2.8 GM II,100,2.8,1/500,24,26.5,85.2,17.6,60.0,51.4,45.7,0,58,2,1,true
archive\DSC00985.JPG,DSC00985.JPG,jpg,false,true,2026:07:19 17:12:13,SONY,ILCE-7M5,FE 24-70mm F2.8 GM II,100,2.8,1/500,24,26.5,85.2,17.6,60.0,51.4,45.7,0,58,2,1,true
archive\DSC00986.ARW,DSC00986.ARW,arw,true,true,2026:07:19 17:12:13,SONY,ILCE-7M5,FE 24-70mm F2.8 GM II,100,2.8,1/500,24,24.8,84.0,18.7,60.0,52.5,45.2,0,58,2,2,true
archive\DSC00986.JPG,DSC00986.JPG,jpg,false,true,2026:07:19 17:12:13,SONY,ILCE-7M5,FE 24-70mm F2.8 GM II,100,2.8,1/500,24,24.8,84.0,18.7,60.0,52.5,45.2,0,58,2,2,true
archive\DSC00992.ARW,DSC00992.ARW,arw,true,true,2026:07:19 17:21:50,SONY,ILCE-7M5,FE 24-70mm F2.8 GM II,160,2.8,1/500,28,39.7,81.4,19.4,60.0,48.5,49.4,0,59,2,1,true
archive\DSC00992.JPG,DSC00992.JPG,jpg,false,true,2026:07:19 17:21:50,SONY,ILCE-7M5,FE 24-70mm F2.8 GM II,160,2.8,1/500,28,39.7,81.4,19.4,60.0,48.5,49.4,0,59,2,1,true
archive\DSC00993.ARW,DSC00993.ARW,arw,true,true,2026:07:19 17:21:51,SONY,ILCE-7M5,FE 24-70mm F2.8 GM II,200,2.8,1/500,28,38.0,81.0,21.8,60.0,48.8,49.1,0,59,1,1,true
archive\DSC00993.JPG,DSC00993.JPG,jpg,false,true,2026:07:19 17:21:51,SONY,ILCE-7M5,FE 24-70mm F2.8 GM II,200,2.8,1/500,28,38.0,81.0,21.8,60.0,48.8,49.1,0,59,1,1,true
archive\DSC00994.ARW,DSC00994.ARW,arw,true,true,2026:07:19 17:21:53,SONY,ILCE-7M5,FE 24-70mm F2.8 GM II,200,2.8,1/500,28,35.2,79.2,23.8,60.0,47.7,47.9,0,59,2,2,true
archive\DSC00994.JPG,DSC00994.JPG,jpg,false,true,2026:07:19 17:21:53,SONY,ILCE-7M5,FE 24-70mm F2.8 GM II,200,2.8,1/500,28,35.2,79.2,23.8,60.0,47.7,47.9,0,59,2,2,true
archive\DSC00995.ARW,DSC00995.ARW,arw,true,true,2026:07:19 17:21:53,SONY,ILCE-7M5,FE 24-70mm F2.8 GM II,200,2.8,1/500,28,35.7,79.2,23.8,60.0,51.2,48.6,0,59,1,1,true
archive\DSC00995.JPG,DSC00995.JPG,jpg,false,true,2026:07:19 17:21:53,SONY,ILCE-7M5,FE 24-70mm F2.8 GM II,200,2.8,1/500,28,35.7,79.2,23.8,60.0,51.2,48.6,0,59,1,1,true
archive\DSC00996.ARW,DSC00996.ARW,arw,true,true,2026:07:19 17:34:12,SONY,ILCE-7M5,FE 24-70mm F2.8 GM II,500,2.8,1/500,37,27.0,67.3,34.8,61.2,38.4,43.1,2,0,,,
archive\DSC00996.JPG,DSC00996.JPG,jpg,false,true,2026:07:19 17:34:12,SONY,ILCE-7M5,FE 24-70mm F2.8 GM II,500,2.8,1/500,37,27.0,67.3,34.8,61.2,38.4,43.1,2,0,,,
archive\DSC00997.ARW,DSC00997.ARW,arw,true,true,2026:07:19 17:34:15,SONY,ILCE-7M5,FE 24-70mm F2.8 GM II,500,2.8,1/500,37,26.5,66.8,36.5,69.3,37.7,44.2,1,0,,,
archive\DSC00997.JPG,DSC00997.JPG,jpg,false,true,2026:07:19 17:34:15,SONY,ILCE-7M5,FE 24-70mm F2.8 GM II,500,2.8,1/500,37,26.5,66.8,36.5,69.3,37.7,44.2,1,0,,,
archive\DSC00998.ARW,DSC00998.ARW,arw,true,true,2026:07:19 17:34:32,SONY,ILCE-7M5,FE 24-70mm F2.8 GM II,640,2.8,1/500,43,34.7,79.8,35.9,60.0,45.1,49.3,0,62,2,1,true
archive\DSC00998.JPG,DSC00998.JPG,jpg,false,true,2026:07:19 17:34:32,SONY,ILCE-7M5,FE 24-70mm F2.8 GM II,640,2.8,1/500,43,34.7,79.8,35.9,60.0,45.1,49.3,0,62,2,1,true
archive\DSC00999.ARW,DSC00999.ARW,arw,true,true,2026:07:19 17:34:34,SONY,ILCE-7M5,FE 24-70mm F2.8 GM II,640,2.8,1/500,43,35.8,81.0,34.6,60.0,42.5,49.3,0,62,2,2,true
archive\DSC00999.JPG,DSC00999.JPG,jpg,false,true,2026:07:19 17:34:34,SONY,ILCE-7M5,FE 24-70mm F2.8 GM II,640,2.8,1/500,43,35.8,81.0,34.6,60.0,42.5,49.3,0,62,2,2,true
archive\DSC01000.ARW,DSC01000.ARW,arw,true,true,2026:07:19 17:34:39,SONY,ILCE-7M5,FE 24-70mm F2.8 GM II,640,2.8,1/500,43,36.6,80.5,35.0,60.0,42.8,49.6,0,63,2,1,true
archive\DSC01000.JPG,DSC01000.JPG,jpg,false,true,2026:07:19 17:34:39,SONY,ILCE-7M5,FE 24-70mm F2.8 GM II,640,2.8,1/500,43,36.6,80.5,35.0,60.0,42.8,49.6,0,63,2,1,true
archive\DSC01001.ARW,DSC01001.ARW,arw,true,true,2026:07:19 17:34:40,SONY,ILCE-7M5,FE 24-70mm F2.8 GM II,640,2.8,1/500,43,33.9,84.4,31.1,60.0,44.6,49.1,0,63,2,2,true
archive\DSC01001.JPG,DSC01001.JPG,jpg,false,true,2026:07:19 17:34:40,SONY,ILCE-7M5,FE 24-70mm F2.8 GM II,640,2.8,1/500,43,33.9,84.4,31.1,60.0,44.6,49.1,0,63,2,2,true
archive\DSC01002.ARW,DSC01002.ARW,arw,true,true,2026:07:19 17:34:52,SONY,ILCE-7M5,FE 24-70mm F2.8 GM II,640,2.8,1/500,45,32.2,80.8,32.8,60.2,41.4,47.6,1,64,2,1,true
archive\DSC01002.JPG,DSC01002.JPG,jpg,false,true,2026:07:19 17:34:52,SONY,ILCE-7M5,FE 24-70mm F2.8 GM II,640,2.8,1/500,45,32.2,80.8,32.8,60.2,41.4,47.6,1,64,2,1,true
archive\DSC01003.ARW,DSC01003.ARW,arw,true,true,2026:07:19 17:34:54,SONY,ILCE-7M5,FE 24-70mm F2.8 GM II,640,2.8,1/500,45,27.3,74.5,37.4,60.0,43.0,45.5,0,64,2,2,true
archive\DSC01003.JPG,DSC01003.JPG,jpg,false,true,2026:07:19 17:34:54,SONY,ILCE-7M5,FE 24-70mm F2.8 GM II,640,2.8,1/500,45,27.3,74.5,37.4,60.0,43.0,45.5,0,64,2,2,true
archive\DSC01004.ARW,DSC01004.ARW,arw,true,true,2026:07:19 17:47:31,SONY,ILCE-7M5,FE 24-70mm F2.8 GM II,640,2.8,1/500,35,33.0,74.3,29.5,60.0,46.3,46.8,0,65,2,1,true
archive\DSC01004.JPG,DSC01004.JPG,jpg,false,true,2026:07:19 17:47:31,SONY,ILCE-7M5,FE 24-70mm F2.8 GM II,640,2.8,1/500,35,33.0,74.3,29.5,60.0,46.3,46.8,0,65,2,1,true
archive\DSC01005.ARW,DSC01005.ARW,arw,true,true,2026:07:19 17:47:32,SONY,ILCE-7M5,FE 24-70mm F2.8 GM II,800,2.8,1/500,35,32.4,73.8,31.0,60.0,41.2,45.9,0,65,2,2,true
archive\DSC01005.JPG,DSC01005.JPG,jpg,false,true,2026:07:19 17:47:32,SONY,ILCE-7M5,FE 24-70mm F2.8 GM II,800,2.8,1/500,35,32.4,73.8,31.0,60.0,41.2,45.9,0,65,2,2,true
archive\DSC01006.ARW,DSC01006.ARW,arw,true,true,2026:07:19 17:47:49,SONY,ILCE-7M5,FE 24-70mm F2.8 GM II,640,2.8,1/500,40,31.3,89.7,31.4,60.0,47.7,49.8,0,66,2,1,true
archive\DSC01006.JPG,DSC01006.JPG,jpg,false,true,2026:07:19 17:47:49,SONY,ILCE-7M5,FE 24-70mm F2.8 GM II,640,2.8,1/500,40,31.3,89.7,31.4,60.0,47.7,49.8,0,66,2,1,true
archive\DSC01007.ARW,DSC01007.ARW,arw,true,true,2026:07:19 17:47:50,SONY,ILCE-7M5,FE 24-70mm F2.8 GM II,640,2.8,1/500,40,30.0,90.6,31.6,60.0,48.4,49.6,0,66,2,2,true
archive\DSC01007.JPG,DSC01007.JPG,jpg,false,true,2026:07:19 17:47:50,SONY,ILCE-7M5,FE 24-70mm F2.8 GM II,640,2.8,1/500,40,30.0,90.6,31.6,60.0,48.4,49.6,0,66,2,2,true
archive\DSC01008.ARW,DSC01008.ARW,arw,true,true,2026:07:19 17:48:42,SONY,ILCE-7M5,FE 24-70mm F2.8 GM II,800,2.8,1/500,47,37.4,90.2,29.8,60.0,45.5,51.4,0,0,,,
archive\DSC01008.JPG,DSC01008.JPG,jpg,false,true,2026:07:19 17:48:42,SONY,ILCE-7M5,FE 24-70mm F2.8 GM II,800,2.8,1/500,47,37.4,90.2,29.8,60.0,45.5,51.4,0,0,,,
archive\DSC01009.ARW,DSC01009.ARW,arw,true,true,2026:07:19 17:48:47,SONY,ILCE-7M5,FE 24-70mm F2.8 GM II,800,2.8,1/500,47,37.7,90.2,26.7,60.0,43.0,50.7,0,68,1,1,true
archive\DSC01009.JPG,DSC01009.JPG,jpg,false,true,2026:07:19 17:48:47,SONY,ILCE-7M5,FE 24-70mm F2.8 GM II,800,2.8,1/500,47,37.7,90.2,26.7,60.0,43.0,50.7,0,68,1,1,true
archive\DSC01010.ARW,DSC01010.ARW,arw,true,true,2026:07:19 17:48:49,SONY,ILCE-7M5,FE 24-70mm F2.8 GM II,400,2.8,1/500,40,29.6,75.4,18.9,60.0,39.6,43.2,0,68,1,1,true
archive\DSC01010.JPG,DSC01010.JPG,jpg,false,true,2026:07:19 17:48:49,SONY,ILCE-7M5,FE 24-70mm F2.8 GM II,400,2.8,1/500,40,29.6,75.4,18.9,60.0,39.6,43.2,0,68,1,1,true
archive\DSC01011.ARW,DSC01011.ARW,arw,true,true,2026:07:19 17:48:50,SONY,ILCE-7M5,FE 24-70mm F2.8 GM II,640,2.8,1/500,44,36.9,87.4,21.2,60.0,36.8,48.1,0,68,1,1,true
archive\DSC01011.JPG,DSC01011.JPG,jpg,false,true,2026:07:19 17:48:50,SONY,ILCE-7M5,FE 24-70mm F2.8 GM II,640,2.8,1/500,44,36.9,87.4,21.2,60.0,36.8,48.1,0,68,1,1,true
archive\DSC01012.ARW,DSC01012.ARW,arw,true,true,2026:07:19 18:22:53,SONY,ILCE-7M5,FE 24-70mm F2.8 GM II,400,2.8,1/500,24,33.1,77.0,39.9,60.0,53.1,49.9,0,0,,,
archive\DSC01012.JPG,DSC01012.JPG,jpg,false,true,2026:07:19 18:22:53,SONY,ILCE-7M5,FE 24-70mm F2.8 GM II,400,2.8,1/500,24,33.1,77.0,39.9,60.0,53.1,49.9,0,0,,,
archive\DSC01013.ARW,DSC01013.ARW,arw,true,true,2026:07:19 18:23:04,SONY,ILCE-7M5,FE 24-70mm F2.8 GM II,400,2.8,1/500,24,37.7,78.9,23.9,60.0,54.7,49.8,0,70,2,1,true
archive\DSC01013.JPG,DSC01013.JPG,jpg,false,true,2026:07:19 18:23:04,SONY,ILCE-7M5,FE 24-70mm F2.8 GM II,400,2.8,1/500,24,37.7,78.9,23.9,60.0,54.7,49.8,0,70,2,1,true
archive\DSC01014.ARW,DSC01014.ARW,arw,true,true,2026:07:19 18:23:04,SONY,ILCE-7M5,FE 24-70mm F2.8 GM II,400,2.8,1/500,24,35.4,76.7,24.9,60.0,52.6,48.4,0,70,2,2,true
archive\DSC01014.JPG,DSC01014.JPG,jpg,false,true,2026:07:19 18:23:04,SONY,ILCE-7M5,FE 24-70mm F2.8 GM II,400,2.8,1/500,24,35.4,76.7,24.9,60.0,52.6,48.4,0,70,2,2,true
archive\DSC01015.ARW,DSC01015.ARW,arw,true,true,2026:07:19 18:23:09,SONY,ILCE-7M5,FE 24-70mm F2.8 GM II,320,2.8,1/500,24,33.9,77.0,35.8,60.0,50.0,49.1,0,0,,,
archive\DSC01015.JPG,DSC01015.JPG,jpg,false,true,2026:07:19 18:23:09,SONY,ILCE-7M5,FE 24-70mm F2.8 GM II,320,2.8,1/500,24,33.9,77.0,35.8,60.0,50.0,49.1,0,0,,,
